﻿{
  "width":110,
  "tileSize":16,
  "tileImage":"main_lev_build.png",
  "playerStartPosX": 20,
  "gravity":0.6,
  "player-idle":"player-idle.png",
  "player-idle-left":"player-idle-gauche.png",
  "player-run":"player-run.png",
  "player-run-left":"player-run-gauche.png",
  "player-jump":"sauter.png",
  "player-jump-left":"sauter-gauche.png",
  "scrollings":[
    {
      "image":"background1.png",
      "vitesse":0.25,
      "posY":-2
    },
    {
      "image":"background2.png",
      "vitesse":0.4,
      "posY":-1
    },
    {
      "image":"background3.png",
      "vitesse":0.6,
      "posY":10
    }        
  ],                                                                                                         
  "plateformElement":[
    {
      "image":"133:134:135:136:137:138:139:140:141:142:143:144:145:146:147:148:149:150:151:152:134:135:136:137:138:139:140:141:142:143:144:145:146:147:148:149:150:151:152:134:135:136:137:138:139:140:141:142:143:144:145:146:147:148:149:150:151:152:153:154",
      "animation":"none"
    },
    {
      "image":"134:135:136:137:138:139:140:141:153:154",
      "animation":"none"
    },
    {
      "image":"745:746:747:748:749:750",
      "animation":"none"
    },
    {
      "image":"134:135:136:137:153:154",
      "animation":"x:3:20:quadratic:InOut:loop:autoreverse"
    },
    {
      "image":"745:746:747:748:749:750",
      "animation":"none"
    },
    {
      "image":"424:425:426:427:428:429",
      "animation":"none"
    },
    {
      "image":"416:417:418",
      "animation":"none"
    },
    {
      "image":"134:135:136:137:153:154",
      "animation":"x:3:-20:quadratic:InOut:loop:autoreverse"
    },
    {
      "image":"134:135:153:154",
      "animation":"none"
    },
    {
      "image":"134:135:136:137:140:141:153:154",
      "animation":"y:2:8:quadratic:InOut:loop:autoreverse"
    },
    {
      "image":"134:135:140:141:153:154",
      "animation":"o:3:1:sinusoidal:InOut:loop:autoreverse"
    }   
  ],         
  "decorElement":[ 
    {
      "image":"barrierePontDroite.png"
    },
    {
      "image":"arriere1.png"
    },
    {
      "image":"arriereGrotte.png"
    },                                                                                          
    {
      "image":"arriereGrottex2.png"
    },
    {
      "image":"arriereHaut.png"
    },                                                                                          
    {
      "image":"arriere2.png"
    },
    {
      "image":"herbe.png"
    },
    {
      "image":"cactus1.png"
    },
    {
      "image":"cactus2.png"
    },
    {
      "image":"arbre1.png"
    },
    {
      "image":"arriereVersBas.png"
    },
    {
      "image":"plant3.png"
    },
    {
      "image":"bloc1.png"
    },
    {
      "image":"barrierePontGauche.png"
    },
    {
      "image":"arriereGauche.png"
    },
    {
      "image":"arriereGrotte2.png"
    }
  ], 
  "bonusElement":[ 
    {
      "image":"bonus.png",
      "count":7,
      "duration":1
    }
  ], 
  "ennemiElement":[ 
    {
      "image1":"chauveSourisGauche.png",
      "image2":"chauveSourisDroite.png",
      "count":7,
      "duration":0.5,
      "deplacement":"x:3:-11:sinusoidal:InOut:noloop:noautoreverse"
    },
    {
      "image1":"ennemiGauche.png",
      "image2":"ennemiDroite.png",
      "count":8,
      "duration":0.5,
      "deplacement":"x:6:-20:sinusoidal:InOut:noloop:noautoreverse"
    },
    {
      "image1":"ennemiGauche.png",
      "image2":"ennemiDroite.png",
      "count":8,
      "duration":0.5,
      "deplacement":"x:5:-25:sinusoidal:InOut:noloop:noautoreverse"
    },
     {
      "image1":"chauveSourisGauche.png",
      "image2":"chauveSourisDroite.png",
      "count":7,
      "duration":0.5,
      "deplacement":"x:5:-25:quadratic:InOut:noloop:noautoreverse"
    }
  ],
  "niveau": {
    "decor":"9:16:1;0:16:59;1:16:20;2:16:25;1:12:25;3:16:33;4:9:34;5:13:41;2:16:41;5:16:47;6:16:2;7:16:10;8:8:36;6:16:12;6:16:30;6:16:43;10:6:40;11:16:24;11:16:50;11:4:46;12:18:72;13:13:67;0:13:74;1:16:85;11:16:125;14:13:92;6:16:88;15:13:94;5:10:99;5:14:106;5:18:113;10:6:88;3:16:94;2:20:101;2:17:104;15:20:101;7:16:113;9:16:120;9:16:126;6:16:102;10:6:124;6:16:134",
    "plateformes":"0:17:0;1:13:25;1:9:32;1:5:44;2:17:60;3:6:57;5:14:68;6:14:73;7:6:106;2:14:75;0:17:84;8:13:96;8:11:103;9:5:116;10:5:129",
    "bonus":"0:1:48;0:8:73;0:1:96;0:10:110;0:1:136",
    "ennemis":"0:4:39;1:16:30;2:16:55;0:9:77;3:2:77;3:2:100;1:16:130;2:16:108"
  }     
}
