{
    "firstName": "John",
    "lastName": "Smith",
    "age": 25,
    "address": { "street": "21 2nd Street",
                          "city":"New York", 
                          "state":"NY",
                          "postalCode": "10021", 
                          "isBusiness":false },
    "phoneNumbers": [
        { "type": "home",
          "number":"212 555-1234" },
        { "type": "mobile",
          "number": "646 555-4567" } ],
    "lastUpdated": "2019-05-13T13:03:35+0000"
}
